{"Top Lists":{"acousticness":0.2437350062,"danceability":0.6430103704,"energy":0.653864,"instrumentalness":0.0487724195,"liveness":0.1809358519,"loudness":-6.6868311111,"speechiness":0.0987964444,"valence":0.4859761481},"Hip-Hop":{"acousticness":0.1964132192,"danceability":0.7247477477,"energy":0.6331118231,"instrumentalness":0.0136942801,"liveness":0.1830689645,"loudness":-7.0060677194,"speechiness":0.2077814455,"valence":0.5037461484},"Pop":{"acousticness":0.308573029,"danceability":0.6202999404,"energy":0.6034297078,"instrumentalness":0.0206072374,"liveness":0.1692286954,"loudness":-7.4199516995,"speechiness":0.0699828927,"valence":0.5242578348},"Country":{"acousticness":0.3196947087,"danceability":0.573792657,"energy":0.602930744,"instrumentalness":0.0064545827,"liveness":0.162460599,"loudness":-7.3350608696,"speechiness":0.0415177585,"valence":0.5311421643},"Latin":{"acousticness":0.2989319647,"danceability":0.6849037415,"energy":0.670703719,"instrumentalness":0.0191707243,"liveness":0.174991055,"loudness":-6.4606017095,"speechiness":0.0822735998,"valence":0.6444386444},"Rock":{"acousticness":0.1090106166,"danceability":0.5096090189,"energy":0.7642442819,"instrumentalness":0.0833835008,"liveness":0.2079487304,"loudness":-6.4559081861,"speechiness":0.0689945968,"valence":0.4973095267},"R&B":{"acousticness":0.3455980838,"danceability":0.6464878255,"energy":0.5318723977,"instrumentalness":0.0242221581,"liveness":0.1619770883,"loudness":-8.141093676,"speechiness":0.109645908,"valence":0.495766723},"Dance\/Electronic":{"acousticness":0.1158947839,"danceability":0.6825432437,"energy":0.7625959128,"instrumentalness":0.4146664777,"liveness":0.1726327376,"loudness":-7.6033086688,"speechiness":0.0753559462,"valence":0.3919031401},"Indie":{"acousticness":0.3186226775,"danceability":0.581678543,"energy":0.5922933333,"instrumentalness":0.1871484967,"liveness":0.170250199,"loudness":-8.5512052813,"speechiness":0.0587303609,"valence":0.4771303145},"Jazz":{"acousticness":0.7032369283,"danceability":0.5186523354,"energy":0.3298226996,"instrumentalness":0.6038650071,"liveness":0.1473636711,"loudness":-14.5442347264,"speechiness":0.0526301557,"valence":0.3467232359},"Folk & Acoustic":{"acousticness":0.5620529649,"danceability":0.5312260086,"energy":0.4309782012,"instrumentalness":0.0757510313,"liveness":0.1618861715,"loudness":-10.2375435553,"speechiness":0.0415565884,"valence":0.4056542693},"Ambient":{"acousticness":0.8158020288,"danceability":0.2777915786,"energy":0.1713494016,"instrumentalness":0.8182343833,"liveness":0.1391357086,"loudness":-23.9981427148,"speechiness":0.051597927,"valence":0.1340148665},"Alternative":{"acousticness":0.1722461844,"danceability":0.5548349573,"energy":0.692513059,"instrumentalness":0.1410602822,"liveness":0.1909381793,"loudness":-7.3577177795,"speechiness":0.0682752329,"valence":0.5027689247},"Classical":{"acousticness":0.9209350128,"danceability":0.3114584189,"energy":0.0982601121,"instrumentalness":0.7936842962,"liveness":0.1177479629,"loudness":-24.8503497847,"speechiness":0.0447692061,"valence":0.1741306282},"Soul":{"acousticness":0.3856781388,"danceability":0.6231790657,"energy":0.5403237673,"instrumentalness":0.0425479599,"liveness":0.1805780061,"loudness":-9.2398386678,"speechiness":0.073998551,"valence":0.6025742863},"Punk":{"acousticness":0.0480291858,"danceability":0.4569732798,"energy":0.8532723624,"instrumentalness":0.0691538144,"liveness":0.229655906,"loudness":-5.1936244266,"speechiness":0.0821176892,"valence":0.4893149369},"Blues":{"acousticness":0.4515316725,"danceability":0.5633964457,"energy":0.5285655216,"instrumentalness":0.13655172,"liveness":0.1988392432,"loudness":-9.8487332218,"speechiness":0.0583825214,"valence":0.5926805143},"Afro":{"acousticness":0.2764660762,"danceability":0.6773303011,"energy":0.6322421409,"instrumentalness":0.0769366844,"liveness":0.1620049584,"loudness":-7.8529613069,"speechiness":0.1116128251,"valence":0.5481355413},"Metal":{"acousticness":0.0151904998,"danceability":0.4317145283,"energy":0.8940915353,"instrumentalness":0.1144932443,"liveness":0.227923187,"loudness":-5.1451338831,"speechiness":0.1023081979,"valence":0.3348298812},"Funk & Disco":{"acousticness":0.1427033944,"danceability":0.7203797468,"energy":0.7158551958,"instrumentalness":0.1829722991,"liveness":0.1795032588,"loudness":-7.9680741831,"speechiness":0.0823869885,"valence":0.750128113}}
